Номер по порядку,Наименование авиакомпании,Аэропорт отправления,Аэропорт назначения,Протяженность маршрута (расстояние в одну сторону); км,Тип воздушного судна,Количество кресел,Период выполнения ,Частота полетов в неделю,Количество парных ов в 2024 году,Примечание
1,АО «ЮВТ АЭРО»,Абакан,Казань,2 674,CRJ-200,50,01.04.2024-31.12.2024,2,78,Рейс софинансируемый Республикой Хакасия в размере 61%; Республикой Татарстан в размере 30;5%; АО "ЮВТ АЭРО"  в размере 8%.
2,АО «ЮВТ АЭРО»,Абакан,Омск,1 176,CRJ-200,50,01.04.2024-31.12.2024,3,81,Рейс софинансируемый Омской областью и Республикой Хакасия в размере по 30;5%; АО "ЮВТ АЭРО" в размере 38%.
3,ПАО «Аэрофлот»,Апатиты,Санкт-Петербург,868,SSJ,100,01.01.2024-31.12.2024,7,105,Софинансирование Санкт -Петербургом 30 % и Мурманской областью 31%; Резервный тип ВС Boeing 737-800/A319/A320
4,АО «АК Смартавиа»,Архангельск,Нарьян-Мар,651,Б737-7,148,01.01.2024-31.12.2024,2,105,Софинансирование Ненецким автономным округом 61%
5,АО «Авиакомпания АЗИМУТ»,Астрахань,Минеральные Воды,447,SU 95,100,01.01.2024-31.12.2024,4,61,Софинансируемый Ставропольским краем  и Астраханской областью-30;5%
6,АО «ЮВТ АЭРО»,Астрахань,Нижний Новгород,1 144,CRJ-200,50,01.04.2024-31.12.2024,2,69,Рейс софинансируемый Астраханской областью и Нижегородской областью в размере по 49;5%.
7,АО «Авиакомпания АЗИМУТ»,Астрахань,Сочи,708,SU 95,100,01.01.2024-31.12.2024,2,61,Софинансируемый Астраханской областью в размере 61%
8,АО «Авиакомпания АЗИМУТ»,Астрахань,Уфа,1 074,SU 95,100,01.01.2024-31.12.2024,2,105,Софинансируемый Республикой Башкортостан и Астраханской областью-30;5%
9,ООО «Северный Ветер»,Барнаул,Казань,2 204,Boeing 737-800,189,15.04.2024-28.05.2024-24.09.2024-31.12.2024,2,40,Софинансирование со стороны Алтайского края и Республики Татарстан по 30.5% и ООО "Северный Ветер" в размере 38.999% резервные типы ВС: A321neo и A321ceo
10,АО «ЮВТ АЭРО»,Барнаул,Пермь,1 786,CRJ-200,50,01.05.2024-30.09.2024,2,39,Рейс софинансируемый Пермским краем в размере 61%;  АО "ЮВТ АЭРО" в размере 38%.
11,ПАО «Авиакомпания «Ютэйр»,Барнаул,Сургут,1 074,ATR-72,70,01.01.2024-30.04.2024; 01.09.2024-31.12.2024,2,69,Софинансирование ХМАО-Югры 50%; Резервный тип ВС Boeing 737-500; Boeing 737-800; Boeing 737-400
12,АО АК «РусЛайн»,Белоярский,Екатеринбург,836,CRJ 100/200,50,01.01.2024-31.12.2024,2,104,Софинансирование ХМАО 50%
13,АО Авиакомпания «ИрАэро»,Благовещенск,Иркутск,1 605,SSJ-100,103,01.01.2024-31.05.2024; 01.09.2024-31.12.2024,1,39,Резервный тип ВС А319 АО Авиакомпания «ИрАэро»,Благовещенск,Иркутск,1 605,SSJ-100,103,01.06.2024-31.08.2024,2,26,Резервный тип ВС А319
14,АО «ЮВТ АЭРО»,Бугульма,Нижневартовск,1 558,CRJ-200,50,02.01.2024-31.05.2024; 01.09.2024-31.12.2024,2,78,Софинансируемый Республикой Татарстан в размере 50%
15,АО «ЮВТ АЭРО»,Бугульма,Новый Уренгой,1 801,CRJ-200,50,02.01.2024-31.05.2024; 01.09.2024-31.12.2024,2,78,Софинансируемый Республикой Татарстан в размере 50%
16,АО «ЮВТ АЭРО»,Бугульма,Ноябрьск,1 589,CRJ-200,50,02.01.2024-31.05.2024; 01.09.2024-31.12.2024,2,78,Софинансируемый Республикой Татарстан в размере 50%
17,АО «ЮВТ АЭРО»,Бугульма,Сургут,1 417,CRJ-200,50,02.01.2024-31.05.2024; 01.09.2024-31.12.2024,2,78,Софинансируемый Республикой Татарстан в размере 50%
18,АО «ЮВТ АЭРО»,Бугульма,Усинск,1 288,CRJ-200,50,02.01.2024-31.05.2024; 01.09.2024-31.12.2024,2,78,Софинансируемый Республикой Татарстан в размере 50%
19,ПАО «Аэрофлот»,Владивосток,Красноярск,3 124,В738,189,01.01.2024-30.03.2024; 01.10.2024-31.12.2024,2,52,Софинансирование Красноярским краем 60;1%. Резервный тип ВС A319/A320
20,АО Авиакомпания «ИрАэро»,Владивосток,Нерюнгри,1 587,SSJ-100,103,01.01.2024-31.12.2024,2,104,Резервный тип ВС А319
21,ООО «Авиакомпания «Икар»,Волгоград,Казань,829,Embraer E190,110 ,01.03.2024-31.05.2024 01.09.2024-31.12.2024,2,62,Софинансирование со стороны Волгоградской области и Республики Татарстан по 30.5% и ООО "Авиакомпания "Икар" в размере 38% резервный тип ВС: Boeing 737-900
22,АО «Авиакомпания АЗИМУТ»,Волгоград,Минеральные Воды,515,SU 95,100,01.01.2024-31.12.2024,3,79,Софинансируемый Ставропольским краем  и Волгоградской областью-30;5%
23,АО «Авиакомпания АЗИМУТ»,Волгоград,Нижний Новгород,829,SU 95,100,01.01.2024-31.12.2024,2,70,Софинансируемый Нижегородской и Волгоградской областями-30;5%
24,АО «Ред Вингс»,Волгоград,Сургут,2 288,SSJ-100,100,01.01.2024-31.05.2024; 01.09.2024-31.12.2024,1,39,Софинансируемый Волгоградской обл. 50%; Резервный тип ВС Ту204/214
25,АО «Ред Вингс»,Волгоград,Тюмень,1 676,SSJ-100,100,01.01.2024-31.05.2024; 01.09.2024-31.12.2024,2,69,Софинансируемый  Волгоградской обл. 30;5% и Тюменской обл. 30;5%; Резервный тип ВС Ту204/214
26,АО «Авиакомпания АЗИМУТ»,Волгоград,Уфа,1 020,SU 95,100,01.01.2024-31.12.2024,2,70,Софинансируемый Республикой Башкортостан и Волгоградской областью-30;5%
27,АО «ЮВТ АЭРО»,Горно-Алтайск,Казань,2 407,CRJ-200,50,02.01.2024-31.12.2024,2,104,Софинансируемый Республикой Татарстан и Республикой Алтай в размере-25%.
28,АО «КрасАвиа»,Горно-Алтайск,Красноярск,638,ATR-72,72,01.01.2024-31.01.2024; 01.04.2024-31.12.2024,3,89,Софинансируемый Красноярским краем более 50%; резервный тип ВС: ЯК-42 АО «КрасАвиа»,Горно-Алтайск,Красноярск,638,ATR-42,46,01.02.2024-31.03.2024,2,15,Софинансируемый Красноярским краем более 50%; резервный тип ВС: Ан-24; Ан-26; ATR-72; ЯК-42
29,АО «Авиакомпания «Сибирь»,Горно-Алтайск,Новосибирск,403,E-70,78,01.01.2024-31.12.2024,14,96,Софинансирование Новосибирская обл + Республика Алтай 50%; Резервный тип ВС: A320 и B737
30,АО «АТК «ЯМАЛ»,Горно-Алтайск,Новый Уренгой,1 652,CRJ-200,50,01.01.2024-31.12.2024,1,52,Софинансиование с субъектом РФ: ЯНАО 51%; Резервный тип ВС SSJ-100
31,АО «ЮВТ АЭРО»,Горно-Алтайск,Омск,892,CRJ-200,50,01.05.2024-31.10.2024,2,52,Рейс софинансируемый Омской областью и Республикой Алтай в размере по 25%.
32,ООО «Авиакомпания «Икар»,Горно-Алтайск,Оренбург,2 071,Embraer E190,110,01.01.2024-31.12.2024,2,45,Софинансирование со стороны Оренбургской области в размере 50%; Резервный тип ВС: Boeing 737-900
33,АО «АТК «ЯМАЛ»,Горно-Алтайск,Салехард,1 941,CRJ-200,50,01.01.2024-31.12.2024,1,52,Софинансиование с субъектом РФ: ЯНАО 51%; Резервный тип ВС SSJ-100
34,ПАО «Аэрофлот»,Горно-Алтайск,Санкт-Петербург,3 463,А319,128,01.04.2024-30.04.2024; 15.09.2024-26.10.2024,3,21,Софинансирование Санкт -Петербургом 25 % и Республикой Алтай 25 %; Резервный тип ВС Boeing 737-800/A320
35,ПАО «Авиакомпания «Ютэйр»,Горно-Алтайск,Сургут,1 287,ATR-72 ,70,01.01.2024-30.04.2024; 01.09.2024-31.12.2024,2,69,Софинансирование ХМАО-Югры 50%; Резервный тип ВС Boeing 737-500; Boeing 737-800; Boeing 737-400
36,АО «КрасАвиа»,Горно-Алтайск,Улан-Удэ,1 477,ATR-72,72,01.06.2024-30.09.2024,1,17,Софинансируемый Республикой Бурятия менее 50%. Резервный тип ВС: ЯК-42
37,АО «Ред Вингс»,Грозный,Уфа,1 444,SSJ-100,100,01.01.2024-31.05.2024; 01.09.2024-31.12.2024,1,27,Софинансируемый Чеченской Респ. 30;5% и Респ.Башкортостан 30;5%; Резервный тип ВС Ту204/214
38,АО «Ред Вингс»,Екатеринбург,Архангельск,1 389,SSJ-100,100,01.01.2024-31.12.2024,2,87,Софинансируемый Свердловской обл. 30;5% и Архангельской обл. 30;5%; Резервный тип ВС Ту204/214
39,АО «Ред Вингс»,Екатеринбург,Барнаул,1 489,SSJ-100,100,01.01.2024-31.12.2024,4,97,Софинансируемый Свердловской обл. 30;5% и Алтайским краем 30;5%; Резервный тип ВС Ту204/214
40,АО «Ред Вингс»,Екатеринбург,Горно-Алтайск,1 696,SSJ-100/ Резерв Ту204/214,100,01.03.2024-30.09.2024,2,45,Софинансируемый Свердловской обл. 25% и Республикой Алтай 25%
41,АО «ЮВТ АЭРО»,Екатеринбург,Калуга,1 544,CRJ-200,50,01.05.2024-31.12.2024,2,69,Рейс софинансируемый Калужской областью в размере 61%; АО "ЮВТ АЭРО" в размере 38%.
42,АО «Ред Вингс»,Екатеринбург,Кемерово,1 573,SSJ-100,100,01.01.2024-31.12.2024,2,104,Софинансируемый Свердловской обл. 30;5% и Кемеровской обл. 30;5%; Резервный тип ВС Ту204/214
43,АО «Авиакомпания АЗИМУТ»,Екатеринбург,Магнитогорск,395,SU 95,100,01.01.2024-31.12.2024,2,78,Софинансируемый Челябинской и Свердловской областями -30;5% 
44,АО «Ред Вингс»,Екатеринбург,Махачкала,1 808,SSJ-100,100,01.01.2024-31.12.2024,3,76,Софинансируемый Свердловской обл. 30;5% и Респ.Дагестан 30;5%; Резервный тип ВС Ту204/214
45,АО «АТК «ЯМАЛ»,Екатеринбург,Надым,1 159,SSJ-100,100,01.01.2024-31.12.2024,2,105,Софинансиование с субъектом РФ: ЯНАО 51%; Резервный тип ВС А-320
46,АО АК «РусЛайн»,Екатеринбург,Нижневартовск,1 013,CRJ 100/200,50,01.01.2024-31.12.2024,2,104,Софинансирование ХМАО 50%
47,АО «Ред Вингс»,Екатеринбург,Нижний Новгород,1 044,SSJ-100,100,01.01.2024-31.12.2024,4,97,Софинансируемый Свердловской обл. 30;5% и Нижегородской обл. 30;5%; Резервный тип ВС Ту204/214
48,АО «Ред Вингс»,Екатеринбург,Новокузнецк,1 673,SSJ-100,100,01.01.2024-31.12.2024,3,104,Софинансируемый Свердловской обл. 30;5% и Кемеровской обл. 30;5%; Резервный тип ВС Ту204/214
49,АО «АТК «ЯМАЛ»,Екатеринбург,Ноябрьск,1 073,SSJ-100,100,01.01.2024-31.12.2024,2,104,Софинансиование с субъектом РФ: ЯНАО 51%; Резервный тип ВС А-320
50,ПАО «Авиакомпания «Ютэйр»,Екатеринбург,Нягань,656,ATR-72,70,01.01.2024-31.12.2024,2,104,Софинансирование ХМАО-Югры 50%; Резервный тип ВС Boeing 737-500; Boeing 737-800; Boeing 737-400
51,АО «Ред Вингс»,Екатеринбург,Омск,805,SSJ-100,100,01.01.2024-31.12.2024,4,91,Софинансируемый Свердловской обл. 30;5% и Омской обл. 30;5%; Резервный тип ВС Ту204/214
52,АО «Ред Вингс»,Екатеринбург,Оренбург,651,SSJ-100,100,01.01.2024-31.12.2024,4,91,Софинансируемый Свердловской обл. 30;5% и Оренбургской обл. 30;5%; Резервный тип ВС Ту204/214
53,ПАО «Аэрофлот»,Екатеринбург,Пенза,1 082,SSJ,100,01.01.2024-31.12.2024,1,53,Софинансирование Пензенской областью 61%. Резервный тип ВС Boeing 737-800/A319/A320
54,ООО «Авиапредприятие «Северсталь»,Екатеринбург,Петрозаводск,1 603,CRJ-200,50,01.01.2024-31.03.2024; 01.10.2024-31.12.2024,1,26,Софинансирование Республикой Карелия 50% ООО «Авиапредприятие «Северсталь»,Екатеринбург,Петрозаводск,1 603,CRJ-200,50,01.04.2024-30.09.2024,2,52,Софинансирование Республикой Карелия 50%
55,АО «АТК «ЯМАЛ»,Екатеринбург,Салехард,1 135,SSJ-100,100,01.01.2024-31.12.2024,3,104,Софинансиование с субъектом РФ: ЯНАО 51%; Резервный тип ВС А-320
56,АО «Ред Вингс»,Екатеринбург,Саратов,1 101,SSJ-100,100,01.01.2024-31.12.2024,3,82,Софинансируемый Свердловской обл. 30;5% и Саратовской обл. 30;5%; Резервный тип ВС Ту204/214
57,ПАО «Авиакомпания «Ютэйр»,Екатеринбург,Советский,533,ATR-72,70,01.01.2024-31.12.2024,2,104,Софинансирование ХМАО-Югры 50%; Резервный тип ВС Boeing 737-500; Boeing 737-800; Boeing 737-400
58,АО «Ред Вингс»,Екатеринбург,Ставрополь,1 830,SSJ-100,100,01.01.2024-31.12.2024,3,70,Софинансируемый Свердловской обл. 30;5% и Ставропольским краем 30;5%; Резервный тип ВС Ту204/214
59,АО «ЮВТ АЭРО»,Екатеринбург,Тобольск,475,CRJ-200,50,02.01.2024-31.12.2024,2,104,Софинансируемый Тюменской областью и Свердловской областью в размере-25%.
60,АО «Ред Вингс»,Екатеринбург,Томск,1 489,SSJ-100,100,01.01.2024-31.12.2024,3,105,Софинансируемый Свердловской обл. 25% и Томской обл. 25%; Резервный тип ВС Ту204/214
61,АО «Ред Вингс»,Екатеринбург,Ульяновск,837,SSJ-100,100,01.01.2024-31.12.2024,2,104,Софинансируемый Свердловской обл. 30;5% и Ульяновской обл. 30;5%; Резервный тип ВС Ту204/214
62,ПАО «Авиакомпания «Ютэйр»,Екатеринбург,Урай,440,ATR-72,70,01.01.2024-31.12.2024,2,104,Софинансирование ХМАО-Югры 50%; Резервный тип ВС Boeing 737-500; Boeing 737-800; Boeing 737-400
63,ПАО «Авиакомпания «Ютэйр»,Екатеринбург,Ханты-Мансийск,673,ATR-72,70,01.01.2024-31.12.2024,3,104,Софинансирование ХМАО-Югры 50%; Резервный тип ВС Boeing 737-500; Boeing 737-800; Boeing 737-400
64,ООО «Авиакомпания «Икар»,Иваново,Калининград,1 280,Embraer E190,110,01.01.2024-31.12.2024,2,82,Софинансирование со стороны Ивановской области в размере 50% резервный тип ВС: Boeing 737-900
65,АО «Авиакомпания АЗИМУТ»,Иваново,Минеральные Воды,1 422,SU 95,100,01.01.2024-31.12.2024,2,74,Софинансируемый Ивановской областью в размере 60;1%
66,ООО «Авиакомпания «Икар»,Иваново,Санкт-Петербург,697,Embraer E190,110 ,01.02.2024-31.05.2024 01.10.2024-31.12.2024,7,62,Софинансирование со стороны Ивановской области в размере 30.1% и Санкт-Петербурга в размере 30% и ООО "Авиакомпания "Икар" в размере 38.9% резервный тип ВС: Boeing 737-900
67,ООО «Авиакомпания «Икар»,Иваново,Сочи,1 503,Embraer E190,110 ,01.02.2024-31.05.2024 01.10.2024-31.12.2024,2,60,Софинансирование со стороны Ивановской области в размере 61% и ООО "Авиакомпания "Икар" в размере 38% резервный тип ВС: Boeing 737-900
68,ПАО «Авиакомпания «Ютэйр»,Игарка,Сургут,925,ATR-72 (резерв Boeing 737-500; Boeing 737-800; Boeing 737-400),70,01.04.2024-31.12.2024,1,39,Софинансирование ХМАО-Югры и Авиакомпании по 25%. 
69,АО «Ижавиа»,Ижевск,Калининград,2 039,Boeing 737-800 ,185,01.05.2024-30.10.2024,2,52,Софинансируемый Удмуртская Республика 50% 
70,ООО «Авиакомпания «Икар»,Ижевск,Махачкала,1 613,Embraer E190,110 ,01.06.2024-30.09.2024,2,35,Софинансирование со стороны Республики Дагестан и Удмуртской Республики по 30.5% и ООО "Авиакомпания "Икар" в размере 38% резервный тип ВС: Boeing 737-900
71,ООО «Северный Ветер»,Иркутск,Казань,3 532,Boeing 737-800,189,01.02.2024-30.04.2024 01.10.2024-31.12.2024,2,53,Софинансирование со стороны Республики Татарстан в размере 61% и ООО "Северный Ветер" в размере 38.999% резервные типы ВС: A321neo и A321ceo
72,АО Авиакомпания «ИрАэро»,Иркутск,Нерюнгри,1 413,SSJ-100,103,01.01.2024-31.12.2024,3,156,Резервный тип ВС А319
73,АО «Авиакомпания АЛРОСА»,Иркутск,Полярный,1 628,AN4/ B73H(W),48,01.01.2024-31.12.2024,1,50,С промежуточной посадкой и заменой типа ВС. Софинансируемый Республикой Саха (Якутия)
74,АО Авиакомпания «ИрАэро»,Иркутск,Талакан,941,SSJ-100,103,01.01.2024-31.12.2024,3,156,Резервный тип ВС А319
75,АО «Авиакомпания «Сибирь»,Иркутск,Улан-Удэ,213,E-70,78,01.01.2024-31.12.2024,7,366,Софинансирование Ресублика Бурятия 1%; Резервный тип ВС: A320 и B737
76,АО Авиакомпания «ИрАэро»,Иркутск,Чита,608,SSJ-100,103,01.01.2024-31.12.2024,4,208,Резервный тип ВС А319
77,АО «ЮВТ АЭРО»,Казань,Калуга,830,CRJ-200,50,01.05.2024-31.12.2024,2,69,Рейс софинансируемый Калужской областью в размере 61%; Республикой Татарстан в размере 30;5%; АО "ЮВТ АЭРО" в размере 7;5%.
78,АО «ЮВТ АЭРО»,Казань,Киров,323,CRJ-200,50,01.04.2024-31.12.2024,2,78,Рейс софинансируемый Республикой Татарстан в размере 99%.
79,ООО «Авиакомпания «Икар»,Казань,Мурманск,1 686,Embraer E190,110 ,01.04.2024-31.12.2024,2,78,Софинансирование со стороны Мурманской области и Республики Татарстан по 30.5% и ООО "Авиакомпания "Икар" в размере 38.999% резервный тип ВС: Boeing 737-900
80,АО «Ред Вингс»,Казань,Нальчик,1 403,SSJ-100,100,01.01.2024-31.12.2024,1,20,Софинансируемый со стороны Респ. Татарстан и КБР по 30;5%; Резервный тип ВС Ту204/214
81,АО «ЮВТ АЭРО»,Казань,Нижний Новгород,350,CRJ-200,50,01.03.2024 - 31.12.2024,4,90,Рейс софинансируемый Республикой Татарстан и Нижегородской областью в размере по 30;5%; АО "ЮВТ АЭРО" в размере 38%.
82,ООО «Северный Ветер»,Казань,Новокузнецк,2 395,Boeing 737-800,189,01.02.2024-30.04.2024 01.10.2024-31.12.2024,2,53,Софинансирование со стороны Кемеровской области - Кузбасс и Республики Татарстан по 30.5% и ООО "Северный Ветер" в размере 38.999% резервные типы ВС: A321neo и A321ceo
83,АО «ЮВТ АЭРО»,Казань,Новый Уренгой,1 855,CRJ-200,50,02.01.2024-31.05.2024; 01.09.2024-31.12.2024,2,78,Софинансируемый Республикой Татарстан в размере 50%
84,ООО «Северный Ветер»,Казань,Омск,1 516,Boeing 737-800,189,01.03.2024-30.04.2024 01.10.2024-31.12.2024,2,45,Софинансирование со стороны Республики Татарстан и Омской области по 30.5% и ООО "Северный Ветер" в размере 38.999% резервные типы ВС: A321neo и A321ceo
85,АО «ЮВТ АЭРО»,Казань,Пермь,484,CRJ-200,50,01.03.2024-31.05.2024 01.09.2024-31.12.2024,2,59,Рейс софинансируемый Пермским краем и Республикой Татарстан в размере по 30;5%;  АО "ЮВТ АЭРО" в размере 38%.
86,АО «ЮВТ АЭРО»,Казань,Петрозаводск,1 114,CRJ-200,50,01.06.2024-31.10.2024,2,54,Рейс софинансируемый Республикой Карелия и Республикой Татарстан в размере по 25%.
87,АО «АТК «ЯМАЛ»,Казань,Салехард,1 526,SSJ-100,100,01.01.2024-31.12.2024,1,52,Софинансиование с субъектом РФ: ЯНАО 25.5%; Республика Татарстан 25.5%; Резервный тип ВС А-320
88,АО «ЮВТ АЭРО»,Казань,Самара,240,CRJ-200,50,01.03.2024-31.12.2024,2,78,Рейс софинансируемый Самарской областью и Республикой Татарстан в размере по 30;5%;  АО "ЮВТ АЭРО" в размере 38%.
89,АО «ЮВТ АЭРО»,Казань,Сургут,1 530,CRJ-200,50,02.01.2024-31.05.2024; 01.09.2024-31.12.2024,2,78,Софинансируемый Республикой Татарстан в размере 50%.
90,АО «ЮВТ АЭРО»,Казань,Тобольск,1 188,CRJ-200,50,02.01.2024-31.12.2024,3,104,Софинансируемый Тюменской областью и Республикой Татарстан в размере-25%.
91,ООО «Северный Ветер»,Казань,Томск,2 211,Boeing 737-800,189,01.01.2024-31.12.2024,3,58,Софинансирование со стороны Республики Татарстан в размере 25% и Томской области в размере 25.01% резервные типы ВС: A321neo и A321ceo
92,ООО «Северный Ветер»,Казань,Улан-Удэ,3 738,Boeing 737-800,189,01.05.2024-30.09.2024,2,43,Софинансирование со стороны Республики Татарстан и Республики Бурятия по 25% резервные типы ВС: A321neo и A321ceo
93,АО «ЮВТ АЭРО»,Казань,Ярославль,600,CRJ-200,50,01.03.2024-31.05.2024 01.09.2024-31.12.2024,2,61,Рейс софинансируемый Ярославской областью и Республикой Татарстан в размере по 30;5%; АО "ЮВТ АЭРО" в размере 38%.
94,ООО «Авиакомпания «Икар»,Калининград,Киров,1 779,Embraer E190,110,01.01.2024-31.12.2024,2,52,Софинансирование со стороны Кировской области в размере 50% резервный тип ВС: Boeing 737-900
95,ООО «Северный Ветер»,Калининград,Нижний Новгород,1 452,Boeing 737-800,189,01.01.2024-31.12.2024,2,37,Софинансирование со стороны Нижегородской и Калининградской областей-25% резервные типы ВС: A321neo и A321ceo
96,АО «Авиакомпания «Сибирь»,Калининград,Новосибирск,3 851,А320,164,01.01.2024-31.12.2024,3,47,Софинансирование Новосибирская обл + Калининградская обл 50%; Резервный тип ВС: В737
97,ООО «Северный Ветер»,Калининград,Оренбург,2 308,Boeing 737-800,189,01.01.2024-30.09.2024,2,25,Софинансирование со стороны Оренбургской и Калининградской областей-25% резервные типы ВС: A321neo и A321ceo
98,ООО «Авиакомпания «Икар»,Калининград,Пермь,2 173,Embraer E190,110,01.01.2024-31.12.2024,2,86,Софинансирование со стороны Пермского края в размере 50% резервный тип ВС: Boeing 737-900
99,ООО «Авиапредприятие «Северсталь»,Калининград,Петрозаводск,1 367,CRJ-200,50,01.01.2024-31.03.2024; 01.10.2024-31.12.2024,1,26,Софинансирование Республикой Карелия 50% ООО «Авиапредприятие «Северсталь»,Калининград,Петрозаводск,1 367,SSJ-100,93,01.04.2024-30.09.2024,2,52,Софинансирование Республикой Карелия 50%
100,АО «Авиакомпания АЗИМУТ»,Калининград,Псков,1 271,SU 95,100,01.01.2024-31.12.2024,2,70,Софинансируемый Псковской и Калининградской областями-25;0%
101,ООО «Северный Ветер»,Калининград,Самара,1 916,Boeing 737-800,189,01.01.2024-31.12.2024,2,61,Софинансирование со стороны Самарской и Калининградской областей-25% резервные типы ВС: A321neo и A321ceo
102,ООО «Авиакомпания «Икар»,Калининград,Саратов,1 721,Embraer E190,110,01.01.2024-31.12.2024,2,90,Софинансирование со стороны Саратовской области в размере 50% резервный тип ВС: Boeing 737-900
103,ООО «Авиакомпания «Икар»,Калининград,Ульяновск,1 764,Embraer E190,110,01.01.2024-31.12.2024,2,34,Софинансирование со стороны Ульяновской и Калининградской областей и-25% резервный тип ВС: Boeing 737-900
104,АО «АК Смартавиа»,Калининград,Челябинск,2 566,Б737-7,148,01.01.2024-31.12.2024,1,52,Софинансирование Челябинской областью 50% ; Резервный тип ВС Б737-8; А-320
105,АО «Авиакомпания АЗИМУТ»,Калуга,Минеральные Воды,1 245,SU 95,100,01.01.2024-31.12.2024,5,70,Софинансируемый Калужской областью в размере 60;1%
106,АО «Авиакомпания АЗИМУТ»,Калуга,Мурманск,1 594,SU 95,100,01.03.2024-31.12.2024,2,88,Софинансируемый Калужской областью в размере 30;1% и Мурманской областью в размере 30;5% 
107,АО «Авиакомпания АЗИМУТ»,Калуга,Санкт-Петербург,689,SU 95,100,01.01.2024-31.12.2024,5,35,Софинансируемый Калужской областью в размере 30;1% и г. Санкт-Петербург в размере 30%
108,АО «Авиакомпания АЗИМУТ»,Калуга,Сочи,1 262,SU 95,100,01.01.2024-31.12.2024,3,29,Софинансируемый Калужской областью в размере 60;1%
109,АО «Авиакомпания АЗИМУТ»,Кемерово,Самара,2 311,SU 95,100,01.01.2024-31.12.2024,3,78,Софинансируемый Самарской и Кемеровской областями-30;5% 
110,АО «Авиакомпания АЗИМУТ»,Кемерово,Уфа,1 920,SU 95,100,01.01.2024-31.12.2024,2,87,Софинансируемый Республикой Башкортостан и Кемеровской областью-30;5%
111,АО «Авиакомпания АЗИМУТ»,Киров,Минеральные Воды,1 644,SU 95,100,01.01.2024-31.12.2024,2,78,Софинансируемый Кировской областью в размере 61%
112,ПАО «Авиакомпания «Ютэйр»,Когалым,Пермь,1 127,ATR-72,70,01.01.2024-31.12.2024,1,52,Софинансирование двумя субъектами РФ 50%; Резервный тип ВС Boeing 737-500; Boeing 737-800; Boeing 737-400
113,АО АК «РусЛайн»,Котлас,Жуковский,804,CRJ 100/200,50,01.01.2024-31.12.2024,3,52,Софинансирование Архангельская область 50%
114,АО АК «РусЛайн»,Котлас,Санкт-Петербург,911,CRJ 100/200,50,01.01.2024-31.12.2024,4,83,Софинансирование Архангельская область 50%; в период с 1.01.24-30.04.24 и 01.11.24-31.12.24 частота 2 раза в неделю
115,ПАО «Авиакомпания «Ютэйр»,Красноселькуп,Тюмень,1 309,АН-24,48,01.01.2024-31.05.2024; 01.10.2024-31.12.2024,3,70,Софинансирование ЯНАО (51%). Выполнение перевозки дочерним обществом под кодом ПАО "Авиакомпания "ЮТэйр". Техническая посадка в Сургуте. Резервный тип ВС АН-26; ATR-72 ПАО «Авиакомпания «Ютэйр»,Красноселькуп,Тюмень,1 309,АН-24,48,01.06.2024-30.09.2024,1,13,Софинансирование ЯНАО (51%). Выполнение перевозки дочерним обществом под кодом ПАО "Авиакомпания "ЮТэйр". Техническая посадка в Сургуте.  Резервный тип ВС АН-26; ATR-72 ПАО «Авиакомпания «Ютэйр»,Красноселькуп,Тюмень,1 309,ATR-72,70,01.06.2024-30.09.2024,2,27,Софинансирование ЯНАО (51%). В случае использования резервного типа выполнение перевозки дочерним обществом под кодом ПАО "Авиакомпания "ЮТэйр". Техническая посадка в Сургуте. Резервный тип ВС АН-24; АН-26
116,АО «КрасАвиа»,Красноярск,Кызыл,516,ATR-72,72,01.01.2024-31.12.2024,3,107,Софинансируемый Красноярским краем и Республикой Тыва более 50%; резервный тип ВС: ЯК-42
117,АО «КрасАвиа»,Красноярск,Ленск,1 387,Ан-24,48,01.01.2024-31.12.2024,3,135,Софинансируемый Красноярским краем менее 50%; резервный тип ВС: Ан-26. Техническая посадка в ап Ванавара; Братск; Байкит; Усть-Кут; Киренск
118,ПАО «Аэрофлот»,Красноярск,Магадан,3 340,В738,189,01.01.2024-31.12.2024,2,105,Софинансирование Красноярским краем 10%. Резервный тип ВС A319/A320
119,ПАО «Аэрофлот»,Красноярск,Мирный,1 402,SSJ,100,01.01.2024-31.12.2024,2,105,Софинансирование Красноярским краем 10%. Резервный тип ВС Boeing 737-800/A319/A320
120,ПАО «Аэрофлот»,Красноярск,Нерюнгри,1 971,SSJ,100,01.01.2024-31.12.2024,2,105,Софинансирование Красноярским краем 10%. Резервный тип ВС Boeing 737-800/A319/A320
121,АО «КрасАвиа»,Красноярск,Нижнеангарск,1 062,ATR-42,46,01.01.2024-31.12.2024,3,170,Софинансируемый Красноярским краем и Республикой Бурятия менее 50%; резервный тип ВС: Ан-24; Ан-26; ATR-72. Техническая посадка в ап Братск; Усть-Кут
122,ПАО «Аэрофлот»,Красноярск,Новый Уренгой,1 388,SSJ,100,01.01.2024-31.12.2024,2,105,Софинансирование Красноярским краем 50%. Резервный тип ВС Boeing 737-800/A319/A320; применен коэффициент 1.25 к тарифу (пункт входит в Арктическую зону РФ)
123,ПАО «Аэрофлот»,Красноярск,Сургут,1 237,SSJ,100,01.01.2024-31.12.2024,2,105,Софинансирование Красноярским краем 25% и ХМАО 25%. Резервный тип ВС Boeing 737-800/A319/A320
124,АО «КрасАвиа»,Красноярск,Таксимо,1 380,Ан-24,48,01.01.2024-31.12.2024,2,70,Софинансируемый Красноярским краем и Республикой Бурятия менее 50%; резервный тип ВС: Ан-26. Техническая посадка в ап Братск; Нижнеангарск. Усть-Кут; Киренск
125,АО «КрасАвиа»,Красноярск,Талакан,1 163,ATR-42,46,01.01.2024-30.06.2024; 01.09.2024-31.12.2024,2,86,Софинансируемый Красноярским краем менее 50%; резервный тип ВС: Ан-24; Ан-26; ATR-72; ЯК-42. Техническая посадка в ап Братск; Усть-Кут; Ванавара АО «КрасАвиа»,Красноярск,Талакан,1 163,ЯК-42,120,01.07.2024-31.08.2024,2,18,Софинансируемый Красноярским краем менее 50%;
126,АО «КрасАвиа»,Красноярск,Томск,451,ATR-42,46,01.01.2024-31.12.2024,4,104,Софинансируемый Красноярским краем и Томской областью более 50%; резервный тип ВС: Ан-24; Ан-26; ATR-72; ЯК-42
127,ПАО «Аэрофлот»,Красноярск,Тюмень,1 654,SSJ,100,01.01.2024-30.03.2024; 01.10.2024-31.12.2024,3,52,Софинансирование Красноярским краем 30;5% и Тюменской областью 30;5%; Резервный тип ВС Boeing 737-800/A319/A320
128,АО «Авиакомпания АЗИМУТ»,Красноярск,Уфа,2 296,SU 95,100,01.01.2024-31.12.2024,2,77,Софинансируемый Республикой Башкортостан и Красноярским краем-30;5%
129,ПАО «Аэрофлот»,Красноярск,Ханты-Мансийск,1 451,SSJ,100,01.01.2024-31.12.2024,2,105,Софинансирование Красноярским краем 25% и ХМАО 25%. Резервный тип ВС Boeing 737-800/A319/A320
130,АО «КрасАвиа»,Красноярск,Чара,1 573,ATR-42,46,01.01.2024-31.12.2024,3,155,Софинансируемый Красноярским краем менее 50%; резервный тип ВС: Ан-24; Ан-26; ATR-72. Техническая посадка в ап Братск; Нижнеангарск. Усть-Кут; Киренск; Таксимо
131,ПАО «Аэрофлот»,Красноярск,Челябинск,1 927,SSJ,100,01.01.2024-31.05.2024; 01.09.2024-31.12.2024,2,78,Софинансирование Красноярским краем 30;5% и Челябинской областью 30;5%. Резервный тип ВС Boeing 737-800/A319/A320
132,ПАО «Аэрофлот»,Красноярск,Чита,1 426,SSJ,100,01.01.2024-31.12.2024,3,157,Софинансирование Красноярским краем 25% и Забайкальским краем 25%; Резервный тип ВС Boeing 737-800/A319/A320
133,ПАО «Авиакомпания «Ютэйр»,Курган,Сургут,800,ATR-72,70,02.01.2024-31.12.2024,2,105,Софинансирование Курганской области 50%; Резервный тип ВС Boeing 737-500; Boeing 737-800; Boeing 737-400
134,АО «Авиакомпания «Сибирь»,Кызыл,Новосибирск,867,E-70,78,01.01.2024-31.12.2024,5,66,Софинансирование Новосибирская обл + Республика Тыва 50%; Резервный тип ВС: A320 и B737
135,АО «КрасАвиа»,Кызыл,Улан-Удэ,897,ATR-72,72,01.01.2024-31.12.2024,2,104,Софинансируемый Республикой Тыва и Республикой Бурятия менее 50%. Резервный тип ВС: ЯК-42
136,АО Авиакомпания «ИрАэро»,Магадан,Певек,1 431,Ан-24;Ан-26-100,48,01.01.2024-31.12.2024,1,52,Софинансируемый Чукотским АО 50%
137,АО «Авиакомпания АЗИМУТ»,Магас,Нижневартовск,2 859,SU 95,100,01.05.2024-31.08.2024,1,17,Софинансируемый Республикой Ингушетия в размере 50;0%
138,АО «Авиакомпания АЗИМУТ»,Магас,Сочи,410,SU 95,100,01.01.2024-31.12.2024,1,40,Софинансируемый Республикой Ингушетия в размере 61%
139,АО «Авиакомпания АЗИМУТ»,Магнитогорск,Минеральные Воды,1 529,SU 95,100,01.01.2024-31.12.2024,2,74,Софинансируемый Челябинской областью в размере 61;0%
140,АО «Авиакомпания АЗИМУТ»,Махачкала,Минеральные Воды,401,SU 95,100,01.01.2024-31.12.2024,4,61,Софинансируемый Ставропольским краем  и Республикой Дагестан-30;5%. 
141,АО «Ред Вингс»,Махачкала,Нижневартовск,2 783,SSJ-100,100,01.01.2024-31.12.2024,2,65,Софинансируемый со стороны Респ. Дагестан 25% и ХМАО 25%; Резервный тип ВС Ту204/214
142,АО «Ред Вингс»,Махачкала,Новый Уренгой,3 130,SSJ-100,100,01.01.2024-31.12.2024,2,78,Софинансируемый со стороны Респ. Дагестан 50%; Резервный тип ВС Ту204/214
143,АО «Авиакомпания АЗИМУТ»,Махачкала,Пермь,1 778,SU 95,100,01.01.2024-31.12.2024,2,34,Софинансируемый Пермским краем и Республикой Дагестан-30;5%
144,АО «Ред Вингс»,Махачкала,Саратов,996,SSJ-100,100,01.01.2024-31.12.2024,2,104,Софинансирование со стороны Саратовской обл. 30;5% и Респ.Дагестан 30;5%; Резервный тип ВС Ту204/214
145,АО «Авиакомпания АЗИМУТ»,Махачкала,Сочи,629,SU 95,100,01.01.2024-31.12.2024,3,70,Софинансируемый Республикой Дагестан  в размере 61;0%
146,ООО «Северный Ветер»,Махачкала,Томск,3 046,Boeing 737-800,189,01.01.2024-31.12.2024,2,26,Софинансирование со стороны Томской области в размере 25.01% и Республики Дагестан в размере 25% резервные типы ВС: A321neo и A321ceo
147,АО «Ред Вингс»,Махачкала,Тюмень,2 023,SSJ-100,100,01.01.2024-31.12.2024,2,52,Софинансирование со стороны Тюменской обл. 30;5% и Респ.Дагестан 30;5%; Резервный тип ВС Резерв Ту204/214
148,АО «Ред Вингс»,Махачкала,Челябинск,1 710,SSJ-100,100,01.01.2024-31.12.2024,2,30,Софинансируемый  Челябинской обл. 30;5% и Респ.Дагестан 30;5%; Резервный тип ВС Ту204/214
149,АО «Авиакомпания АЗИМУТ»,Минеральные Воды,Нижневартовск,2 870,SU 95,100,01.01.2024-31.12.2024,4,87,Софинансируемый Ставропольским краем  в размере 50%
150,АО «Авиакомпания АЗИМУТ»,Минеральные Воды,Нижнекамск,1 414,SU 95,100,01.01.2024-31.12.2024,2,53,Софинансируемый Ставропольским краем  и Республикой Татарстан-30;5%.
151,ООО «Авиакомпания «Икар»,Минеральные Воды,Нижний Новгород,1 336,Embraer E190,110 ,01.02.2024-30.04.2024 01.10.2024-31.12.2024,2,54,Софинансирование со стороны Нижегородской области в размере 61% и ООО "Авиакомпания "Икар" в размере 38.999% резервный тип ВС: Boeing 737-900
152,АО «АТК «ЯМАЛ»,Минеральные Воды,Новый Уренгой,3 152,SSJ-100,100,01.01.2024-31.12.2024,2,104,Софинансиование с субъектом РФ: ЯНАО 51%; Резервный тип ВС А-320
153,АО «Ред Вингс»,Минеральные Воды,Омск,2 458,SSJ-100,100,01.01.2024-31.05.2024; 01.09.2024-31.12.2024,2,36,Софинансирование со стороны Омской области 30;5% и Ставропольсткого края 30;5%; Резервный тип ВС Ту204/214
154,АО «Авиакомпания АЗИМУТ»,Минеральные Воды,Пенза,998,SU 95,100,01.01.2024-31.12.2024,2,105,Софинансируемый Пензенской областью в размере 61;0%
155,АО «Авиакомпания АЗИМУТ»,Минеральные Воды,Пермь,1 763,SU 95,100,01.01.2024-31.12.2024,2,61,Софинансируемый Пермским краем в размере 61;0%
156,ООО «Авиапредприятие «Северсталь»,Минеральные Воды,Петрозаводск,2 048,SSJ-100,93,01.01.2024-31.03.2024; 01.10.2024-31.12.2024,1,26,Софинансирование Республикой Карелия 50% ООО «Авиапредприятие «Северсталь»,Минеральные Воды,Петрозаводск,2 048,SSJ-100,93,01.04.2024-30.09.2024,2,52,Софинансирование Республикой Карелия 50%
157,АО «Авиакомпания АЗИМУТ»,Минеральные Воды,Псков,1 816,SU 95,100,01.01.2024-31.12.2024,2,70,Софинансируемый Ставропольским краем  и Псковской областью-30;5%
158,АО «АТК «ЯМАЛ»,Минеральные Воды,Салехард,2 857,SSJ-100,100,01.01.2024-31.12.2024,1,52,Софинансиование с субъектом РФ: ЯНАО 51%; Резервный тип ВС А-320
159,АО «Авиакомпания АЗИМУТ»,Минеральные Воды,Самара,1 152,SU 95,100,01.01.2024-31.12.2024,3,79,Софинансируемый Ставропольским краем  и Самарской областью-30;5%
160,АО «Авиакомпания АЗИМУТ»,Минеральные Воды,Саранск,1 112,SU 95,100,01.01.2024-31.12.2024,2,79,Софинансируемый Ставропольским краем  и Республикой Мордовия-30;5%
161,АО «Авиакомпания АЗИМУТ»,Минеральные Воды,Саратов,863,SU 95,100,01.01.2024-31.12.2024,2,79,Софинансируемый Ставропольским краем и Саратовской областью-30;5%. 
162,АО «Авиакомпания АЗИМУТ»,Минеральные Воды,Сыктывкар,2 003,SU 95,100,01.01.2024-31.12.2024,2,79,Софинансируемый Ставропольским краем и Республикой Коми-25;0%
163,АО «Авиакомпания АЗИМУТ»,Минеральные Воды,Тюмень,2 109,SU 95,100,01.01.2024-31.12.2024,2,53,Софинансируемый Тюменской областью в размере 61;0%
164,АО «Авиакомпания АЗИМУТ»,Минеральные Воды,Ханты-Мансийск,2 530,SU 95,100,05.03.2024-31.12.2024,2,86,Софинансируемый Ставропольским краем  в размере 50%
165,АО «Авиакомпания АЗИМУТ»,Минеральные Воды,Челябинск,1 797,SU 95,100,01.01.2024-31.12.2024,2,61,Софинансируемый Ставропольским краем  и Челябинской  областью-30;5% 
166,ООО «Авиакомпания «Икар»,Мурманск,Нижний Новгород,1 501,Embraer E190,110 ,01.03.2024-31.12.2024,2,64,Софинансирование со стороны Нижегородской и Мурманской областей по 49.5% резервный тип ВС: Boeing 737-900
167,АО «Авиакомпания «Сибирь»,Надым,Новосибирск,1 281,E-70,78,01.01.2024-31.12.2024,3,90,Софинансирование Новосибирская обл 61%; Резервный тип ВС: A320 и B737
168,АО АК «РусЛайн»,Нарьян-Мар,Жуковский,1 551,CRJ 100/200,50,01.01.2024-31.12.2024,4,103,Софинансирование НАО 50%
169,АО АК «РусЛайн»,Нарьян-Мар,Казань,1 353,CRJ 100/200,50,01.01.2024-31.12.2024,3,104,Софинансирование НАО 25% и Республика Татарстан 25%
170,АО АК «РусЛайн»,Нарьян-Мар,Киров,1 033,CRJ 100/200,50,01.01.2024-31.12.2024,3,104,Софинансирование НАО 50%
171,АО АК «РусЛайн»,Нарьян-Мар,Пермь,1 091,CRJ 100/200,50,01.01.2024-31.12.2024,2,104,Софинансирование НАО 25% и Пермский край 25%
172,АО АК «РусЛайн»,Нарьян-Мар,Санкт-Петербург,1 409,CRJ 100/200,50,01.01.2024-31.12.2024,3,104,Софинансирование НАО 50%
173,АО АК «РусЛайн»,Нарьян-Мар,Сыктывкар,674,CRJ 100/200,50,01.01.2024-31.12.2024,2,104,Софинансирование со стороны НАО и Республики Коми по 25%
174,АО АК «РусЛайн»,Нарьян-Мар,Уфа,1 462,CRJ 100/200,50,01.01.2024-31.12.2024,2,104,Софинансирование НАО 50%
175,АО «Авиакомпания АЗИМУТ»,Нижневартовск,Нижнекамск,1 536,SU 95,100,01.01.2024-31.12.2024,2,62,Софинансируемый Республикой Татарстан в размере 50;0%
176,ПАО «Авиакомпания «Ютэйр»,Нижневартовск,Омск,691,ATR-72,70,01.01.2024-30.04.2024; 01.10.2024-31.12.2024,2,60,Софинансирование ХМАО-Югры 50%; Резервный тип ВС Boeing 737-500; Boeing 737-800; Boeing 737-400
177,АО «Авиакомпания АЗИМУТ»,Нижневартовск,Самара,1 772,SU 95,100,01.05.2024-31.12.2024,2,70,Софинансируемый Самарской областью и ХМАО по 25;0%
178,АО АК «РусЛайн»,Нижневартовск,Томск,715,CRJ 100/200,50,01.01.2024-31.12.2024,2,63,Софинансирование ХМАО 50%
179,ПАО «Авиакомпания «Ютэйр»,Нижневартовск,Тюмень,763,ATR-72,70,01.01.2024-30.04.2024; 01.10.2024-31.12.2024,2,60,Софинансирование ХМАО-Югры 50%; Резервный тип ВС Boeing 737-500; Boeing 737-800; Boeing 737-400
180,АО «ЮВТ АЭРО»,Нижневартовск,Чебоксары,1 760,CRJ-200,50,01.04.2024-31.12.2024,1,39,Рейс софинансируемый Чувашской Республикой в размере по 50%.
181,АО «Ред Вингс»,Нижнекамск,Новый Уренгой,1 745,SSJ-100,100,01.01.2024-31.12.2024,2,51,Софинансируемый со стороны Респ. Татарстан 50%; Резервный тип ВС Ту204/214
182,АО «Ред Вингс»,Нижнекамск,Сургут,1 388,SSJ-100,100,01.01.2024-31.12.2024,2,51,Софинансируемый со стороны Респ. Татарстан 50%; Резервный тип ВС Ту204/214
183,АО «ЮВТ АЭРО»,Нижнекамск,Тобольск,1 025,CRJ-200,50,02.01.2024-31.12.2024,2,104,Софинансируемый Тюменской областью и Республикой Татарстан в размере-25%.
184,АО «Авиакомпания АЗИМУТ»,Нижнекамск,Тюмень,832,SU 95,100,01.01.2024-31.12.2024,2,62,Софинансируемый Республикой Татарстан в размере 61;0%
185,АО «ЮВТ АЭРО»,Нижний Новгород,Пермь,762,CRJ-200,50,01.03.2024-31.12.2024,2,88,Рейс софинансируемый Пермским краем в размере 61%;  АО "ЮВТ АЭРО" в размере 38%.
186,АО «Авиакомпания АЗИМУТ»,Нижний Новгород,Саратов,526,SU 95,100,01.01.2024-31.12.2024,2,105,Софинансируемый Нижегородской и Саратовской областями-30;5%
187,АО «ЮВТ АЭРО»,Нижний Новгород,Томск,2 517,CRJ-200,50,02.01.2024-31.12.2024,2,104,Софинансируемый Нижегородской областью и Томской областью в размере-25%.
188,АО «Ред Вингс»,Нижний Новгород,Тюмень,1 314,SSJ-100,100,01.01.2024-31.12.2024,2,104,Софинансиремый со стороны Нижегородской обл. 30;5% и Тюменской обл. 30;5%; Резервный тип ВС Ту204/214
189,ООО «Авиакомпания «Икар»,Нижний Новгород,Уфа,785,Embraer E190,110 ,01.03.2024-31.05.2024 01.09.2024-31.12.2024,2,62,Софинансирование со стороны Нижегородской области и Республики Башкортостан по 49.5% резервный тип ВС: Boeing 737-900
190,АО «АТК «ЯМАЛ»,Новосибирск,Новый Уренгой,1 270,SSJ-100,100,01.01.2024-31.12.2024,2,104,Софинансиование с субъектом РФ: ЯНАО 51%; Резервный тип ВС А-320
191,АО «Авиакомпания «Сибирь»,Новосибирск,Ноябрьск,997,E-70,78,01.01.2024-31.12.2024,4,81,Софинанисрование Новосибирская обл. 61%; Резервный тип ВС: A320 и B737
192,АО «Авиакомпания «Сибирь»,Новосибирск,Певек,4 350,А320,164,01.01.2024-31.12.2024,2,52,Софинансирование Чукотский АО 50%; Резервный тип ВС: B737
193,АО «АТК «ЯМАЛ»,Новосибирск,Салехард,1 540,SSJ-100,100,01.01.2024-31.12.2024,1,52,Софинансиование с субъектом РФ: ЯНАО 51%; Резервный тип ВС А-320
194,АО «Авиакомпания «Сибирь»,Новосибирск,Талакан,1 770,E-70,78,01.01.2024-31.12.2024,3,20,Софинансирование Новосибирская обл 61%; Резервный тип ВС: B737
195,АО «ЮВТ АЭРО»,Новосибирск,Тобольск,934,CRJ-200,50,02.01.2024-31.12.2024,2,104,Софинансируемый Тюменской областью в размере 50%.
196,АО «Авиакомпания «Сибирь»,Новосибирск,Томск,222,E-70,78,01.01.2024-31.12.2024,10,89,Софинансирование Новосибирская обл + Томская обл 50%; Резервный тип ВС: A320 и B737
197,АО «Авиакомпания «Сибирь»,Новосибирск,Ханты-Мансийск,1 035,E-70,78,01.01.2024-31.12.2024,4,81,Софинансирование Новосибирская обл + ХМАО 50%; Резервный тип ВС: A320 и B737
198,АО «ЮВТ АЭРО»,Новый Уренгой,Тобольск,984,CRJ-200,50,02.01.2024-31.12.2024,2,104,Софинансируемый Тюменской областью и ЯНАО в размере-25%.
199,АО «АТК «ЯМАЛ»,Омск,Надым,1 170,SSJ-100,100,01.01.2024-31.12.2024,1,52,Софинансиование с субъектом РФ: ЯНАО 25.5%;Омская область 25.5%; Резервный тип ВС А-320
200,АО «АТК «ЯМАЛ»,Омск,Новый Уренгой,1 247,SSJ-100,100,01.01.2024-31.12.2024,3,104,Софинансиование с субъектом РФ: ЯНАО 25.5%;Омская область 25.5%; Резервный тип ВС А-320
201,АО «АТК «ЯМАЛ»,Омск,Ноябрьск,921,SSJ-100,100,01.01.2024-31.12.2024,1,52,Софинансиование с субъектом РФ: ЯНАО 25.5%;Омская область 25.5%; Резервный тип ВС А-320
202,АО «АТК «ЯМАЛ»,Омск,Салехард,1 341,SSJ-100,100,01.01.2024-31.12.2024,3,104,Софинансиование с субъектом РФ: ЯНАО 25.5%;Омская область 25.5%; Резервный тип ВС А-320
203,АО «ЮВТ АЭРО»,Омск,Самара,1 508,CRJ-200,50,01.04.2024-31.12.2024,3,81,Рейс софинансируемый Омской областью и Самарской областью в размере по 30;5%; АО "ЮВТ АЭРО" в размере 38%.
204,ПАО «Авиакомпания «Ютэйр»,Омск,Сургут,710,ATR-72,70,01.01.2024-30.04.2024; 01.09.2024-31.12.2024,2,69,Софинансирование ХМАО-Югры 50%; Резервный тип ВС Boeing 737-500; Boeing 737-800; Boeing 737-400
205,АО «ЮВТ АЭРО»,Омск,Тобольск,460,CRJ-200,50,02.01.2024-31.12.2024,3,104,Софинансируемый Омской областью и Тюменской областью в размере-25%.
206,ПАО «Авиакомпания «Ютэйр»,Омск,Томск,761,ATR-72,70,01.01.2024-31.12.2024,2,104,Софинансирование двумя субъектами РФ 50%; Резервный тип ВС Boeing 737-500; Boeing 737-800; Boeing 737-400
207,АО «Авиакомпания АЗИМУТ»,Омск,Уфа,1 118,SU 95,100,01.01.2024-31.12.2024,2,105,Софинансируемый Республикой Башкортостан и Омской областью-30;5%
208,ПАО «Авиакомпания «Ютэйр»,Омск,Ханты-Мансийск,719,ATR-72,70,01.01.2024-31.12.2024,2,104,Софинансирование ХМАО-Югры 50%; Резервный тип ВС Boeing 737-500; Boeing 737-800; Boeing 737-400
209,ПАО «Аэрофлот»,Пенза,Санкт-Петербург,1 169,SSJ,100,01.01.2024-31.05.2024; 01.11.2024-31.12.2024,2,62,Софинансирование Пензенской областью 61%. Резервный тип ВС Boeing 737-800/A319/A320 ПАО «Аэрофлот»,Пенза,Санкт-Петербург,1 169,SSJ,100,01.06.2024-14.07.2024; 01.10.2024-31.10.2024,3,21,Софинансирование Пензенской областью 61%. Резервный тип ВС Boeing 737-800/A319/A320 ПАО «Аэрофлот»,Пенза,Санкт-Петербург,1 169,SSJ,100,15.07.2024-30.09.2024,4,23,Софинансирование Пензенской областью 61%. Резервный тип ВС Boeing 737-800/A319/A320
210,АО «Авиакомпания АЗИМУТ»,Пенза,Сочи,1 138,SU 95,100,01.01.2024-31.12.2024,2,105,Софинансируемый Пензенской областью в размере 61;0%
211,АО «ЮВТ АЭРО»,Пермь,Самара,613,CRJ-200,50,01.03.2024-30.04.2024 01.10.2024-31.12.2024,2,45,Рейс софинансируемый Пермским краем и Самарской областью в размере по 30;5%;  АО "ЮВТ АЭРО" в размере 38%.
212,ПАО «Авиакомпания «Ютэйр»,Пермь,Сургут,1 045,ATR-72,70,01.01.2024-31.05.2024; 01.09.2024-31.12.2024,2,78,Софинансирование двумя субъектами РФ 50%; Резервный тип ВС Boeing 737-500; Boeing 737-800; Boeing 737-400
213,АО «ЮВТ АЭРО»,Пермь,Усинск,902,CRJ-200,50,01.04.2024-31.12.2024,2,78,Рейс софинансируемый Пермским краем и Республикой Коми в размере по 25%.
214,АО «ЮВТ АЭРО»,Пермь,Ярославль,941,CRJ-200,50,01.05.2024-30.09.2024,2,39,Рейс софинансируемый Пермским краем в размере 61%;  АО "ЮВТ АЭРО" в размере 38%. АО «ЮВТ АЭРО»,Пермь,Ярославль,941,CRJ-200,50,01.03.2024-30.04.2024 01.10.2024-31.12.2024,2,44,Рейс софинансируемый Ярославской областью в размере 61%;  АО "ЮВТ АЭРО" в размере 38%.
215,ООО «Авиапредприятие «Северсталь»,Петрозаводск,Сочи,2 085,SSJ-100,93,01.01.2024-31.03.2024; 01.10.2024-31.12.2024,1,26,Софинансирование Республикой Карелия 50% ООО «Авиапредприятие «Северсталь»,Петрозаводск,Сочи,2 085,SSJ-100,93,01.04.2024-30.09.2024,2,52,Софинансирование Республикой Карелия 50%
216,АО «Авиакомпания АЗИМУТ»,Псков,Сочи,1 785,SU 95,100,01.01.2024-31.12.2024,2,70,Софинансируемый Краснодарским краем и Псковской областью-30;5%. 
217,АО «Ред Вингс»,Самара,Волгоград,663,SSJ-100,100,01.01.2024-31.12.2024,3,105,Софинансируемый Самарской обл. 30;5% и Волгоградской обл. 30;5%; Резервный тип ВС Ту204/214
218,АО «Ред Вингс»,Самара,Магас,1 194,SSJ-100,100,01.01.2024-31.12.2024,1,52,Софинансируемый Самарской обл. 30;5% и Респ.Ингушетия 30;5%; Резервный тип ВС Ту204/214
219,АО «Ред Вингс»,Самара,Махачкала,1 202,SSJ-100,100,01.01.2024-31.12.2024,2,78,Софинансируемый Самарской обл. 30;5% и Респ.Дагестан 30;5%; Резервный тип ВС Ту204/214
220,АО «Ред Вингс»,Самара,Нижний Новгород,508,SSJ-100,100,01.01.2024-31.12.2024,4,105,Софинансируемый Самарской обл. 30;5% и Нижегородской обл. 30;5%; Резервный тип ВС Ту204/214
221,АО «Ред Вингс»,Самара,Новый Уренгой,2 005,SSJ-100,100,01.01.2024-31.12.2024,2,81,Софинансируемый Самарской обл. 50%; Резервный тип ВС Ту204/214
222,АО «ЮВТ АЭРО»,Самара,Тобольск,1 241,CRJ-200,50,02.01.2024-31.12.2024,2,104,Софинансируемый Тюменской областью и Самарской областью в размере-25%.
223,АО «ЮВТ АЭРО»,Самара,Томск,2 337,CRJ-200,50,02.01.2024-31.12.2024,2,104,Софинансируемый Самарской областью и Томской областью в размере-25%.
224,АО «Ред Вингс»,Самара,Тюмень,1 040,SSJ-100,100,01.01.2024-31.12.2024,3,94,Софинансируемый Самарской обл. 30;5% и Тюменской обл. 30;5%; Резервный тип ВС Ту204/214
225,АО «Ред Вингс»,Самара,Челябинск,761,SSJ-100,100,01.01.2024-31.12.2024,2,104,Софинансируемый Самарской обл. 30;5% и Челябинской обл. 30;5%; Резервный тип ВС Ту204/214
226,АО «Авиакомпания АЗИМУТ»,Самара,Ярославль,774,SU 95,100,01.01.2024-31.12.2024,2,79,Софинансируемый Самарской и Ярославской областью-30;5% 
227,АО «Ред Вингс»,Санкт-Петербург,Магас,2 087,SSJ-100,100,01.01.2024-31.12.2024,1,52,Софинансируемый  Респ.Ингушетия 31% и Санкт-Петербург 30%; Резервный тип ВС Ту204/214
228,АО «АТК «ЯМАЛ»,Санкт-Петербург,Надым,2 211,SSJ-100,100,01.01.2024-31.12.2024,2,105,Софинансиование с субъектом РФ: ЯНАО 51%; Резервный тип ВС А-320
229,АО «АТК «ЯМАЛ»,Санкт-Петербург,Новый Уренгой,2 380,SSJ-100,100,01.01.2024-31.12.2024,3,104,Софинансиование с субъектом РФ: ЯНАО 51%; Резервный тип ВС А-320
230,АО «АТК «ЯМАЛ»,Санкт-Петербург,Ноябрьск,2 367,SSJ-100,100,01.01.2024-31.12.2024,2,104,Софинансиование с субъектом РФ: ЯНАО 51%; Резервный тип ВС А-320
231,АО «АТК «ЯМАЛ»,Санкт-Петербург,Салехард,1 938,SSJ-100,100,01.01.2024-31.12.2024,3,104,Софинансиование с субъектом РФ: ЯНАО 51%; Резервный тип ВС А-320
232,АО «Авиакомпания АЗИМУТ»,Санкт-Петербург,Саранск,1 100,SU 95,100,01.01.2024-31.12.2024,4,69,Софинансируемый Республикой Мордовия 61%
233,АО «ЮВТ АЭРО»,Санкт-Петербург,Тобольск,2 164,CRJ-200,50,02.01.2024-31.12.2024,3,104,Софинансируемый Тюменской областью в размере 50%.
234,АО «Ред Вингс»,Санкт-Петербург,Ярославль,622,SSJ-100,100,01.01.2024-31.12.2024,5,69,Софинансирование со стороны Ярославской области 61%; Резервный тип ВС Ту204/214
235,АО «Авиакомпания АЗИМУТ»,Саранск,Сочи,1 249,SU 95,100,01.01.2024-31.12.2024,2,87,Софинансируемый Республикой Мордовия 61%
236,АО «Ред Вингс»,Саратов,Нальчик,931,SSJ-100,100,01.03.2024-31.12.2024,1,40,Софинансирование со стороны Саратовской обл. 30;5% и КБР 30;5%; Резервный тип ВС Ту204/214
237,АО «Авиакомпания АЗИМУТ»,Саратов,Уфа,719,SU 95,100,01.01.2024-31.12.2024,2,79,Софинансируемый Саратовской областью в размере 61%
238,АО «АТК «ЯМАЛ»,Сочи,Надым,3 167,А-320,164,01.01.2024-30.04.2024,1,17,Софинансиование с субъектом РФ: ЯНАО 51% АО «АТК «ЯМАЛ»,Сочи,Надым,3 167,А-320,164,01.05.2024-30.09.2024,2,43,Софинансиование с субъектом РФ: ЯНАО 51% АО «АТК «ЯМАЛ»,Сочи,Надым,3 167,А-320,164,01.10.2024-31.12.2024,1,13,Софинансиование с субъектом РФ: ЯНАО 51%
239,АО «АТК «ЯМАЛ»,Сочи,Новый Уренгой,3 348,А-320,164,01.01.2024-30.04.2024,1,17,Софинансиование с субъектом РФ: ЯНАО 51% АО «АТК «ЯМАЛ»,Сочи,Новый Уренгой,3 348,А-320,164,01.05.2024-30.09.2024,3,43,Софинансиование с субъектом РФ: ЯНАО 51% АО «АТК «ЯМАЛ»,Сочи,Новый Уренгой,3 348,А-320,164,01.10.2024-31.12.2024,1,13,Софинансиование с субъектом РФ: ЯНАО 51%
240,АО «АТК «ЯМАЛ»,Сочи,Ноябрьск,3 141,А-320,164,01.01.2024-30.04.2024,1,17,Софинансиование с субъектом РФ: ЯНАО 51% АО «АТК «ЯМАЛ»,Сочи,Ноябрьск,3 141,А-320,164,01.05.2024-30.09.2024,2,44,Софинансиование с субъектом РФ: ЯНАО 51% АО «АТК «ЯМАЛ»,Сочи,Ноябрьск,3 141,А-320,164,01.10.2024-31.12.2024,1,13,Софинансиование с субъектом РФ: ЯНАО 51%
241,АО «АТК «ЯМАЛ»,Сочи,Салехард,3 033,А-320,164,01.01.2024-30.04.2024,1,17,Софинансиование с субъектом РФ: ЯНАО 51% АО «АТК «ЯМАЛ»,Сочи,Салехард,3 033,А-320,164,01.05.2024-30.09.2024,4,44,Софинансиование с субъектом РФ: ЯНАО 51% АО «АТК «ЯМАЛ»,Сочи,Салехард,3 033,А-320,164,01.10.2024-31.12.2024,1,13,Софинансиование с субъектом РФ: ЯНАО 51%
242,АО «Авиакомпания АЗИМУТ»,Сочи,Ставрополь,253,SU 95,100,01.01.2024-31.12.2024,2,105,Софинансируемый Ставропольским краем  в размере 61;0%
243,ООО «Северный Ветер»,Сочи,Чебоксары,1 500,Boeing 737-800,189,01.02.2024-31.05.2024 01.09.2024-31.12.2024,2,69,Софинансирование со стороны Чувашской Республики в размере 60.1% и ООО "Северный Ветер" в размере 39.899% резервные типы ВС: A321neo и A321ceo
244,АО «Авиакомпания АЗИМУТ»,Сочи,Ярославль,1 570,SU 95,100,01.01.2024-31.12.2024,2,79,Софинансируемый Краснодарским краем и Ярославской областью-30;5%
245,АО «ЮВТ АЭРО»,Сургут,Тобольск,462,CRJ-200,50,02.01.2024-31.12.2024,2,104,Софинансируемый Тюменской областью в размере 50%.
246,АО «Авиакомпания АЗИМУТ»,Сургут,Чебоксары,1 601,SU 95,100,01.06.2024-3.12.2024,2,43,Софинансируемый Чувашской республикой в размере 50;0%
247,ПАО «Авиакомпания «Ютэйр»,Сургут,Челябинск,965,ATR-72,70,01.01.2024-31.05.2024; 01.09.2024-31.12.2024,2,78,Софинансирование двумя субъектами РФ 50%; Резервный тип ВС Boeing 737-500; Boeing 737-800; Boeing 737-400
248,АО АК «РусЛайн»,Сыктывкар,Екатеринбург,785,CRJ 100/200,50,01.01.2024-31.12.2024,2,104,Софинансирование Республика Коми 50%
249,АО АК «РусЛайн»,Сыктывкар,Казань,679,CRJ 100/200,50,01.01.2024-31.12.2024,2,75,Софинансирование Республика Коми 25% и Республика Татарстан 25%
250,АО «ЮВТ АЭРО»,Тобольск,Уфа,862,CRJ-200,50,01.06.2024-31.12.2024,2,61,Рейс софинансируемый Тюменской областью и Республикой Башкортостан в размере по 25%.
251,ПАО «Авиакомпания «Ютэйр»,Томск,Тюмень,1 211,ATR-72,70,01.01.2024-31.12.2024,2,104,Софинансирование двумя субъектами РФ 50%; Резервный тип ВС Boeing 737-500; Boeing 737-800; Boeing 737-400
252,АО «Ред Вингс»,Томск,Улан-Удэ,1 528,SSJ-100,100,01.01.2024-31.12.2024,1,52,Софинансирование со стороны Томской обл. 25% и Респ.Бурятия 25%; Резервный тип ВС Ту204/214
253,АО «Ред Вингс»,Тюмень,Магас,2 096,SSJ-100,100,01.01.2024-31.12.2024,1,52,Софинансируемый  Респ. Ингушетия 61%; Резервный тип ВС Ту204/214
254,АО «АТК «ЯМАЛ»,Тюмень,Надым,1 004,SSJ-100,100,01.01.2024-31.12.2024,5,105,Софинансиование с субъектом РФ: ЯНАО 51%; Резервный тип ВС А-320
255,АО «АТК «ЯМАЛ»,Тюмень,Ноябрьск,865,SSJ-100,100,01.01.2024-31.12.2024,3,104,Софинансиование с субъектом РФ: ЯНАО 51%; Резервный тип ВС А-320
256,АО Авиакомпания «ИрАэро»,Улан-Удэ,Южно-Сахалинск,2 588,SSJ-100,103,01.01.2024-31.12.2024,1,52,Резервный тип ВС А319
257,АО «АТК «ЯМАЛ»,Уфа,Надым,1 524,SSJ-100,100,01.01.2024-31.12.2024,2,104,Софинансиование с субъектом РФ: ЯНАО 51%; Резервный тип ВС А-320
258,АО «Ред Вингс»,Уфа,Новокузнецк,2 004,SSJ-100,100,01.01.2024-31.12.2024,2,104,Софинансирование со стороны Респ.Башкортостан 30;5% и Кемеровской обл. 30;5%; Резервный тип ВС Ту204/214
259,АО «АТК «ЯМАЛ»,Уфа,Ноябрьск,1 462,SSJ-100,100,01.01.2024-31.12.2024,2,105,Софинансиование с субъектом РФ: ЯНАО 51%; Резервный тип ВС А-320
260,АО «АТК «ЯМАЛ»,Уфа,Салехард,1 457,SSJ-100,100,01.01.2024-30.04.2024,1,17,Софинансиование с субъектом РФ: ЯНАО 51%; Резервный тип ВС А-320 АО «АТК «ЯМАЛ»,Уфа,Салехард,1 457,SSJ-100,100,01.05.2024-30.09.2024,2,43,Софинансиование с субъектом РФ: ЯНАО 51%; Резервный тип ВС А-320 АО «АТК «ЯМАЛ»,Уфа,Салехард,1 457,SSJ-100,100,01.10.2024-31.12.2024,1,13,Софинансиование с субъектом РФ: ЯНАО 51%; Резервный тип ВС А-320
261,ПАО «Авиакомпания «Ютэйр»,Уфа,Ханты-Мансийск,1 061,ATR-72,70,01.01.2024-30.04.2024; 01.09.2024-31.12.2024,2,69,Софинансирование ХМАО-Югры 50%; Резервный тип ВС Boeing 737-500; Boeing 737-800; Boeing 737-400
262,АО «ЮВТ АЭРО»,Уфа,Ярославль,1 029,CRJ-200,50,01.03.2024-30.04.2024 01.10.2024-31.12.2024,2,44,Рейс софинансируемый Ярославской областью в размере 61%;  АО "ЮВТ АЭРО" в размере 38%.
263,АО АК «РусЛайн»,Ханты-Мансийск,Казань,1 298,CRJ 100/200,50,01.01.2024-31.12.2024,2,104,Софинансирование ХМАО 25% и Республика Татарстан 25%
264,АО АК «РусЛайн»,Ханты-Мансийск,Санкт-Петербург,2 105,CRJ 100/200,50,01.01.2024-31.12.2024,2,104,Софинансирование ХМАО 50%
265,ПАО «Авиакомпания «Ютэйр»,Ханты-Мансийск,Челябинск,776,ATR-72,70,01.01.2024-31.05.2024; 01.09.2024-31.12.2024,2,78,Софинансирование двумя субъектами РФ 50%; Резервный тип ВС Boeing 737-500; Boeing 737-800; Boeing 737-400
266,АО «Ред Вингс»,Челябинск,Волгоград,1 375,SSJ-100,100,01.01.2024-28.02.2024,1,8,Софинансируемый  Челябинской обл. 30;5% и Волгоградская обл. 30;5%; Резервный тип ВС Ту204/214 АО «Ред Вингс»,Челябинск,Волгоград,1 375,SSJ-100,100,01.03.2024-31.05.2024; 01.09.2024-31.12.2024,2,61,Софинансируемый  Челябинской обл. 30;5% и Волгоградская обл. 30;5%; Резервный тип ВС Ту204/214
267,АО «Ред Вингс»,Челябинск,Казань,770,SSJ-100,100,01.01.2024-31.12.2024,2,60,Софинансируемый  Челябинской обл. 30;5% и Респ.Татарстан 30;5%; Резервный тип ВС Ту204/214
268,АО «Ред Вингс»,Челябинск,Нижневартовск,1 077,SSJ-100,100,01.01.2024-31.12.2024,2,95,Софинансируемый  Челябинской обл. 25% и ХМАО 25%; Резервный тип ВС Ту204/214
269,АО «Ред Вингс»,Челябинск,Нижний Новгород,1 110,SSJ-100,100,01.01.2024-31.12.2024,1,39,Софинансируемый  со стороны Челябинской обл. 61%; Резервный тип ВС Ту204/214
270,АО Авиакомпания «ИрАэро»,Чита,Южно-Сахалинск,2 186,SSJ-100,103,01.01.2024-31.12.2024,1,52,Резервный тип ВС А319